<?xml version="1.0" encoding="UTF-8"?>
<!-- 升级索引文件需要加密-->
<upgradeIndex>
	<!--本次升级包信息-->
	<package>
		<name>CEMS-SERVICE-UPDOWNLOAD</name>
		<version>1.0.2015071400</version>
		<crc>3d65f445</crc>
		<serviceType>2</serviceType>
		<serviceCode>00FF0900</serviceCode>
		<description>上传下载服务升级包</description>	
	</package>
	
	<!--wrapper.conf文件-->
	<wrapper>
		<property key="" value="" />
	</wrapper>
	
	<!--config.properties文件-->
	<config>
		<property key="" value="" />
	</config>
	
	<!--jdbc.properties文件-->
	<jdbc>
		<property key="" value="" />
	</jdbc>
	
	<!--log4j.properties-->
	<log4j>
		<property key="" value="" />
	</log4j>
	
	<!--lib文件-->
	<libs>
	</libs>
	
	<!--项目自身配置:只支持文件属性更新-->
	<project>
	</project>
</upgradeIndex>